﻿<?xml version="1.0" encoding="utf-8" ?>
<log4net>

  <appender name="SoftRadioFileAppender" type="log4net.Appender.RollingFileAppender">
    <threshold value="DEBUG" />
    <file value="${ProgramData}\Neul\SoftRadio.log" />
    <appendToFile value="true" />
    <rollingStyle value="Size" />
    <maxSizeRollBackups value="10" />
    <maximumFileSize value="1MB" />
    <PreserveLogFileNameExtension value="true" />
    <staticLogFileName value="true" />
    <layout type="log4net.Layout.PatternLayout">
      <conversionPattern value="%date %-5level %logger - %message%newline" />
    </layout>
  </appender>
  <appender name="CodeLoaderFileAppender" type="log4net.Appender.RollingFileAppender">
    <threshold value="DEBUG" />
    <file value="${ProgramData}\Neul\CodeLoader.log" />
    <appendToFile value="true" />
    <rollingStyle value="Size" />
    <maxSizeRollBackups value="10" />
    <maximumFileSize value="1MB" />
    <PreserveLogFileNameExtension value="true" />
    <staticLogFileName value="true" />
    <layout type="log4net.Layout.PatternLayout">
      <conversionPattern value="%date %-5level %logger - %message%newline" />
    </layout>
  </appender>

  <!--Log file output-->
  <appender name="GenericFileAppender" type="log4net.Appender.RollingFileAppender">
    <threshold value="DEBUG" />
    <file type="log4net.Util.PatternString" value="${ProgramData}\Neul\%property{applicationname}\%property{componentname}\%property{componentname}.log" />
    <appendToFile value="true" />
    <rollingStyle value="Size" />
    <maxSizeRollBackups value="10" />
    <maximumFileSize value="1MB" />
    <PreserveLogFileNameExtension value="true" />
    <staticLogFileName value="true" />
    <layout type="log4net.Layout.PatternLayout">
      <conversionPattern value="%date %-5level %logger.%property{applicationname}.%property{componentname} - %message%newline" />
    </layout>
  </appender>

  <!--Log console output-->
  <appender name="Console" type="log4net.Appender.ConsoleAppender">
    <threshold value="DEBUG" />
    <layout type="log4net.Layout.PatternLayout">
      <conversionPattern value="%date %-5level: %message%newline" />
    </layout>
  </appender>

  <root>
    <level value="INFO" />
    <appender-ref ref="Console" />
  </root>

  <!--CodeLoader-->
  <logger name="Neul.CoreService">
    <appender-ref ref="CodeLoaderFileAppender" />
  </logger>

  <logger name="Neul.CodeLoader">
    <appender-ref ref="CodeLoaderFileAppender" />
  </logger>

  <!--SoftRadio-->
  <logger name="Neul.SoftRadio">
    <appender-ref ref="SoftRadioFileAppender" />
  </logger>

  <logger name="Neul.CoreClient">
    <appender-ref ref="SoftRadioFileAppender" />
  </logger>

  <!--Generic Logger-->
  <logger name="GenericLogger">
    <appender-ref ref="GenericFileAppender" />
    <appender-ref ref="Console" />
  </logger>

</log4net>